<?xml version="1.0" encoding="UTF-8"?>

<!-- 아파치 타일즈 3 DTD -->
<!DOCTYPE tiles-definitions PUBLIC
       "-//Apache Software Foundation//DTD Tiles Configuration 3.0//EN"
       "http://tiles.apache.org/dtds/tiles-config_3_0.dtd">
       
<tiles-definitions>

	<!-- 기본 구성  -->
	<definition name="tilesbase" template="/WEB-INF/tiles/layout.jsp">
		<put-attribute name="header" value="/WEB-INF/tiles/layout/header.jsp"/>
		<put-attribute name="nav" value="/WEB-INF/tiles/layout/nav.jsp"/>
		<put-attribute name="body"/>
		<put-attribute name="footer" value="/WEB-INF/tiles/layout/footer.jsp"/>
	</definition>
	
	<!-- 마이페이지 구성 -->	
	<definition name="tilesmypage" template="/WEB-INF/tiles/layout.jsp">
		<put-attribute name="header" value="/WEB-INF/tiles/layout/header.jsp"/>
		<put-attribute name="nav" value="/WEB-INF/tiles/layout/mynav.jsp"/>		
		<put-attribute name="body"/>
		<put-attribute name="footer" value="/WEB-INF/tiles/layout/footer.jsp"/>
	</definition>
	
	<!-- 마이페이지  -->
	<definition name="mypage/*" extends="tilesmypage">
		<put-attribute name="body" value="/WEB-INF/views/mypage/{1}.jsp"/>
	</definition>
	
	<definition name="mypage/*/*" extends="tilesmypage">
		<put-attribute name="body" value="/WEB-INF/views/mypage/{1}/{2}.jsp"/>
	</definition>
	
	<definition name="mypage/*/*/*" extends="tilesmypage">
		<put-attribute name="body" value="/WEB-INF/views/mypage/{1}/{2}/{3}.jsp"/>
	</definition>
	
	<!-- 기본 -->
	<definition name="*" extends="tilesbase">
		<put-attribute name="body" value="/WEB-INF/views/{1}.jsp"/>
	</definition>
	
	<definition name="*/*" extends="tilesbase">
		<put-attribute name="body" value="/WEB-INF/views/{1}/{2}.jsp"/>
	</definition>
	
	<definition name="*/*/*" extends="tilesbase">
		<put-attribute name="body" value="/WEB-INF/views/{1}/{2}/{3}.jsp"/>
	</definition>
	
</tiles-definitions>