<?xml version="1.0" encoding="UTF-8"?>

<!-- 마이바티스 3 Mapper DOCTYPE -->
<!DOCTYPE mapper
  PUBLIC "-//mybatis.org//DTD Mapper 3.0//EN"
  "http://mybatis.org/dtd/mybatis-3-mapper.dtd">
  
  <!-- 매퍼 설정 -->
  <mapper namespace="web.dao.face.AdminProductDao">

	<insert id="insertProductAttribute" parameterType="HashMap">
		<if test="attributeType=='color'">
		</if>
		<if test="attributeType=='category'">
		</if>		
		<if test="attributeType=='brand'">
		</if>
		<if test="attributeType=='occasion'">
		</if>
		<if test="attributeType=='style'">
		</if>
		<if test="attributeType=='pattern'">
		</if>							
	</insert>
  	
  </mapper>